Name,Correlation,R_squared,VIF,Test Statistic,P-Value,Conclusion
All Employees: Service-Providing Industries,0.8428036969915692,0.7103180716626568,4700.035577121102,-7.817824888356611,6.795139347974059e-12,Stationary
All Employees: Total nonfarm,0.816758548397229,0.6670945263799488,6153.835212623369,-7.083088203186183,4.6121220278496924e-10,Stationary
Civilian Employment,0.811657204851998,0.6587874181881586,1321.6240315119107,-11.831759366657215,7.96064479210743e-22,Stationary
All Employees: Retail Trade,0.7929985186778918,0.6288466506253312,176.9146396642663,-3.9430419302381963,0.0017399534383164218,Stationary
"All Employees: Trade, Transportation & Utilities",0.7872218954070079,0.6197183126082022,393.43876525643446,-4.9427933499063545,2.876787569778185e-05,Stationary
M1 Money Stock,-0.7951561151537565,0.6322732474664146,122.33491578233763,-5.680016214729782,8.528851023258689e-07,Stationary
Civilian Unemployment Rate,-0.8074939994384629,0.6520465591291247,759.1232857456941,-13.09145587317057,1.7849593738965947e-24,Stationary
